{
  "metric": "macro_f1_per_phenomenon",
  "seeds": 5,
  "budget": "8.4k train / 2.1k dev / 2.1k test pragmatic annotations",
  "systems": {
    "phobert_st": {
      "implicit": {
        "mean": 55.84,
        "ci95": 0.43,
        "seeds": [
          55.44020700172391,
          55.694173319076334,
          55.88709180845005,
          56.65692530763363,
          55.50839967078537
        ]
      },
      "sarcasm": {
        "mean": 42.41,
        "ci95": 0.31,
        "seeds": [
          42.214502636013414,
          41.91708104814697,
          42.80178599320025,
          42.448311243640894,
          42.689941538820406
        ]
      },
      "irony": {
        "mean": 45.59,
        "ci95": 0.43,
        "seeds": [
          45.91140847670848,
          44.74958361709927,
          46.0027856930028,
          45.617076273672374,
          45.653613755912446
        ]
      },
      "idiom": {
        "mean": 59.81,
        "ci95": 0.34,
        "seeds": [
          59.68658410980497,
          59.64266488293801,
          59.69851097444093,
          60.49194969951884,
          59.53437266233394
        ]
      },
      "code_switch": {
        "mean": 66.2,
        "ci95": 0.27,
        "seeds": [
          65.67834726980286,
          66.2009923333742,
          66.44557941229844,
          66.23103692075293,
          66.44342790605113
        ]
      },
      "mocking": {
        "mean": 49.81,
        "ci95": 0.51,
        "seeds": [
          49.388599886479405,
          49.05153756143786,
          50.405357445715396,
          49.868925842511715,
          50.3147207724215
        ]
      },
      "macro_prag": 53.28
    },
    "phobert": {
      "implicit": {
        "mean": 58.48,
        "ci95": 0.54,
        "seeds": [
          57.93974380192839,
          59.434238495752055,
          58.753704074299414,
          58.01274715194208,
          58.2734043833624
        ]
      },
      "sarcasm": {
        "mean": 46.73,
        "ci95": 0.67,
        "seeds": [
          46.42837392446165,
          47.25349449704359,
          45.95573982529805,
          47.79983037321537,
          46.22308514583168
        ]
      },
      "irony": {
        "mean": 49.59,
        "ci95": 0.67,
        "seeds": [
          49.91098969109546,
          49.14615501377173,
          49.15281291119191,
          50.77847826937777,
          48.94405517902848
        ]
      },
      "idiom": {
        "mean": 61.25,
        "ci95": 0.54,
        "seeds": [
          61.03118748390316,
          62.245577711309714,
          61.27867819542169,
          60.54936825449007,
          61.13465131110364
        ]
      },
      "code_switch": {
        "mean": 67.11,
        "ci95": 0.7,
        "seeds": [
          68.18966166986117,
          67.67698611076213,
          66.51750657556178,
          66.89524669027901,
          66.29084685496159
        ]
      },
      "mocking": {
        "mean": 53.04,
        "ci95": 0.52,
        "seeds": [
          53.889438170474556,
          52.88273121355877,
          52.304425463115365,
          52.83725714389353,
          53.29955671840161
        ]
      },
      "macro_prag": 56.03
    },
    "xlmr": {
      "implicit": {
        "mean": 59.83,
        "ci95": 0.39,
        "seeds": [
          59.98917939641828,
          59.3570927781712,
          59.57427510854971,
          60.50228388742984,
          59.719162980792134
        ]
      },
      "sarcasm": {
        "mean": 47.77,
        "ci95": 0.62,
        "seeds": [
          47.6709591131835,
          48.59479936284549,
          46.89158160700764,
          47.355579587285824,
          48.349934994854515
        ]
      },
      "irony": {
        "mean": 50.75,
        "ci95": 0.45,
        "seeds": [
          50.166587957279646,
          50.81460896384743,
          51.555274879242056,
          50.66228623053216,
          50.57039271031792
        ]
      },
      "idiom": {
        "mean": 61.31,
        "ci95": 0.67,
        "seeds": [
          62.07011926513924,
          61.197335965276494,
          61.55417931705947,
          61.65089879846323,
          60.06862885722127
        ]
      },
      "code_switch": {
        "mean": 69.48,
        "ci95": 0.41,
        "seeds": [
          70.27478292936209,
          69.5090107967616,
          69.12593211801719,
          69.26378159772638,
          69.2299524298956
        ]
      },
      "mocking": {
        "mean": 54.25,
        "ci95": 0.28,
        "seeds": [
          53.99393300387756,
          54.25613464206948,
          54.39604827748393,
          54.71211190012261,
          53.90038668170613
        ]
      },
      "macro_prag": 57.23
    },
    "sailor": {
      "implicit": {
        "mean": 61.05,
        "ci95": 0.3,
        "seeds": [
          60.906872229894276,
          61.10550034236758,
          61.5812669490037,
          60.658091235841056,
          60.97935335473888
        ]
      },
      "sarcasm": {
        "mean": 49.58,
        "ci95": 0.56,
        "seeds": [
          49.575105227224874,
          49.5154757195671,
          48.893539375382076,
          50.621042819542886,
          49.28425768180164
        ]
      },
      "irony": {
        "mean": 52.49,
        "ci95": 0.46,
        "seeds": [
          52.93271928885799,
          51.76220449006392,
          53.03326010174518,
          52.53296803130772,
          52.20721586006318
        ]
      },
      "idiom": {
        "mean": 63.04,
        "ci95": 0.46,
        "seeds": [
          63.342287567625434,
          63.038849224334456,
          62.40451115281727,
          62.670353071384085,
          63.73174426322559
        ]
      },
      "code_switch": {
        "mean": 70.1,
        "ci95": 0.37,
        "seeds": [
          69.44838190746383,
          70.07827849095659,
          70.0725037724696,
          70.28232063073256,
          70.61750571859382
        ]
      },
      "mocking": {
        "mean": 55.36,
        "ci95": 0.79,
        "seeds": [
          55.88450769544186,
          55.97970324459735,
          53.81093940689449,
          55.307685306904766,
          55.81336700186449
        ]
      },
      "macro_prag": 58.6
    },
    "vistral": {
      "implicit": {
        "mean": 61.63,
        "ci95": 0.48,
        "seeds": [
          61.35205685048336,
          62.14850998822218,
          60.946954182514226,
          61.46729412794216,
          62.21807530722851
        ]
      },
      "sarcasm": {
        "mean": 50.32,
        "ci95": 0.55,
        "seeds": [
          51.142306604442815,
          49.39975025751791,
          50.454858333189556,
          50.4173802051255,
          50.19108776818901
        ]
      },
      "irony": {
        "mean": 53.23,
        "ci95": 0.35,
        "seeds": [
          53.13788894349529,
          53.527535496393284,
          52.57311110982101,
          53.429253516351885,
          53.49069430426923
        ]
      },
      "idiom": {
        "mean": 63.91,
        "ci95": 0.68,
        "seeds": [
          64.06415819205985,
          62.693877886171,
          63.87464804471231,
          64.86512845947377,
          64.04540923348652
        ]
      },
      "code_switch": {
        "mean": 70.72,
        "ci95": 0.4,
        "seeds": [
          71.18479887780242,
          70.19409176609966,
          70.90150592322996,
          71.02882436257069,
          70.27542236012583
        ]
      },
      "mocking": {
        "mean": 56.2,
        "ci95": 0.57,
        "seeds": [
          55.6542605510189,
          55.463505521111664,
          57.02718316770149,
          56.57148911887595,
          56.286067236915216
        ]
      },
      "macro_prag": 59.34
    },
    "gpt4o_zs": {
      "implicit": {
        "mean": 59.87,
        "ci95": 0.82,